state_name1,state_name2,state_name1_alpha_3,state_name2_alpha_3,y,x,yend,xend,pairs,n
United Kingdom,Portugal,GBR,PRT,54,-2,39.5,-8,United Kingdom-Portugal,293
United Kingdom,Sweden,GBR,SWE,54,-2,62,15,United Kingdom-Sweden,98
United Kingdom,Germany,GBR,DEU,54,-2,51,9,United Kingdom-Germany,46
Netherlands,Spain,NLD,ESP,52.5,5.75,40,-4,Netherlands-Spain,62
United Kingdom,France,GBR,FRA,54,-2,46,2,United Kingdom-France,257
Belgium,France,BEL,FRA,50.83333333,4,46,2,Belgium-France,160
United Kingdom,Spain,GBR,ESP,54,-2,40,-4,United Kingdom-Spain,75
France,Spain,FRA,ESP,46,2,40,-4,France-Spain,79
France,Portugal,FRA,PRT,46,2,39.5,-8,France-Portugal,96
Spain,Portugal,ESP,PRT,40,-4,39.5,-8,Spain-Portugal,103
United Kingdom,Turkey,GBR,TUR,54,-2,39,35,United Kingdom-Turkey,104
Germany,Turkey,DEU,TUR,51,9,39,35,Germany-Turkey,34
United Kingdom,Italy,GBR,ITA,54,-2,42.83333333,12.83333333,United Kingdom-Italy,168
France,Italy,FRA,ITA,46,2,42.83333333,12.83333333,France-Italy,172
France,Turkey,FRA,TUR,46,2,39,35,France-Turkey,82
Italy,Turkey,ITA,TUR,42.83333333,12.83333333,39,35,Italy-Turkey,72
France,Sweden,FRA,SWE,46,2,62,15,France-Sweden,2
Paraguay,Argentina,PRY,ARG,-23,-58,-34,-64,Paraguay-Argentina,86
Brazil,Argentina,BRA,ARG,-10,-55,-34,-64,Brazil-Argentina,103
Ecuador,Peru,ECU,PER,-2,-77.5,-10,-76,Ecuador-Peru,86
Colombia,Ecuador,COL,ECU,4,-72,-2,-77.5,Colombia-Ecuador,82
Brazil,Uruguay,BRA,URY,-10,-55,-33,-56,Brazil-Uruguay,80
Argentina,Uruguay,ARG,URY,-34,-64,-33,-56,Argentina-Uruguay,80
Ecuador,Chile,ECU,CHL,-2,-77.5,-30,-71,Ecuador-Chile,85
Peru,Chile,PER,CHL,-10,-76,-30,-71,Peru-Chile,86
Germany,Italy,DEU,ITA,51,9,42.83333333,12.83333333,Germany-Italy,117
Germany,Romania,DEU,ROU,51,9,46,25,Germany-Romania,36
Italy,Romania,ITA,ROU,42.83333333,12.83333333,46,25,Italy-Romania,40
Spain,Germany,ESP,DEU,40,-4,51,9,Spain-Germany,33
Spain,Italy,ESP,ITA,40,-4,42.83333333,12.83333333,Spain-Italy,78
United Kingdom,Japan,GBR,JPN,54,-2,36,138,United Kingdom-Japan,31
Guatemala,Honduras,GTM,HND,15.5,-90.25,15,-86.5,Guatemala-Honduras,108
Guatemala,El Salvador,GTM,SLV,15.5,-90.25,13.83333333,-88.91666666,Guatemala-El Salvador,105
Guatemala,Nicaragua,GTM,NIC,15.5,-90.25,13,-85,Guatemala-Nicaragua,108
Guatemala,Costa Rica,GTM,CRI,15.5,-90.25,10,-84,Guatemala-Costa Rica,108
Honduras,El Salvador,HND,SLV,15,-86.5,13.83333333,-88.91666666,Honduras-El Salvador,105
Honduras,Nicaragua,HND,NIC,15,-86.5,13,-85,Honduras-Nicaragua,108
Honduras,Costa Rica,HND,CRI,15,-86.5,10,-84,Honduras-Costa Rica,108
El Salvador,Nicaragua,SLV,NIC,13.83333333,-88.91666666,13,-85,El Salvador-Nicaragua,105
El Salvador,Costa Rica,SLV,CRI,13.83333333,-88.91666666,10,-84,El Salvador-Costa Rica,105
Nicaragua,Costa Rica,NIC,CRI,13,-85,10,-84,Nicaragua-Costa Rica,108
Greece,Bulgaria,GRC,BGR,39,22,43,25,Greece-Bulgaria,30
Bulgaria,Turkey,BGR,TUR,43,25,39,35,Bulgaria-Turkey,43
Germany,Bulgaria,DEU,BGR,51,9,43,25,Germany-Bulgaria,10
United Kingdom,Romania,GBR,ROU,54,-2,46,25,United Kingdom-Romania,6
France,Romania,FRA,ROU,46,2,46,25,France-Romania,21
France,Poland,FRA,POL,46,2,52,20,France-Poland,51
Turkey,Afghanistan,TUR,AFG,39,35,33,65,Turkey-Afghanistan,48
Poland,Romania,POL,ROU,52,20,46,25,Poland-Romania,95
France,Japan,FRA,JPN,46,2,36,138,France-Japan,11
Estonia,Latvia,EST,LVA,59,26,57,25,Estonia-Latvia,25
United Kingdom,Belgium,GBR,BEL,54,-2,50.83333333,4,United Kingdom-Belgium,141
Belgium,Germany,BEL,DEU,50.83333333,4,51,9,Belgium-Germany,35
Belgium,Italy,BEL,ITA,50.83333333,4,42.83333333,12.83333333,Belgium-Italy,135
France,Germany,FRA,DEU,46,2,51,9,France-Germany,37
Italy,Albania,ITA,ALB,42.83333333,12.83333333,41,20,Italy-Albania,15
Greece,Romania,GRC,ROU,39,22,46,25,Greece-Romania,42
Italy,Ethiopia,ITA,ETH,42.83333333,12.83333333,8,38,Italy-Ethiopia,8
Italy,Greece,ITA,GRC,42.83333333,12.83333333,39,22,Italy-Greece,91
Hungary,Turkey,HUN,TUR,47,20,39,35,Hungary-Turkey,31
United Kingdom,Iraq,GBR,IRQ,54,-2,33,44,United Kingdom-Iraq,34
Greece,Turkey,GRC,TUR,39,22,39,35,Greece-Turkey,117
Romania,Turkey,ROU,TUR,46,25,39,35,Romania-Turkey,47
Germany,Poland,DEU,POL,51,9,52,20,Germany-Poland,20
Austria,Hungary,AUT,HUN,47.33333333,13.33333333,47,20,Austria-Hungary,5
Austria,Italy,AUT,ITA,47.33333333,13.33333333,42.83333333,12.83333333,Austria-Italy,5
Hungary,Italy,HUN,ITA,47,20,42.83333333,12.83333333,Hungary-Italy,22
Estonia,Lithuania,EST,LTU,59,26,56,24,Estonia-Lithuania,7
Latvia,Lithuania,LVA,LTU,57,25,56,24,Latvia-Lithuania,7
Iraq,Saudi Arabia,IRQ,SAU,33,44,25,45,Iraq-Saudi Arabia,152
United Kingdom,Egypt,GBR,EGY,54,-2,27,30,United Kingdom-Egypt,21
Spain,Hungary,ESP,HUN,40,-4,47,20,Spain-Hungary,15
Spain,Japan,ESP,JPN,40,-4,36,138,Spain-Japan,1
Germany,Hungary,DEU,HUN,51,9,47,20,Germany-Hungary,17
Germany,Japan,DEU,JPN,51,9,36,138,Germany-Japan,6
Hungary,Japan,HUN,JPN,47,20,36,138,Hungary-Japan,3
Italy,Japan,ITA,JPN,42.83333333,12.83333333,36,138,Italy-Japan,5
Cuba,Haiti,CUB,HTI,21.5,-80,19,-72.41666666,Cuba-Haiti,29
Cuba,Dominican Republic,CUB,DOM,21.5,-80,19,-70.66666666,Cuba-Dominican Republic,29
Cuba,Mexico,CUB,MEX,21.5,-80,23,-102,Cuba-Mexico,29
Cuba,Guatemala,CUB,GTM,21.5,-80,15.5,-90.25,Cuba-Guatemala,29
Cuba,Honduras,CUB,HND,21.5,-80,15,-86.5,Cuba-Honduras,29
Cuba,El Salvador,CUB,SLV,21.5,-80,13.83333333,-88.91666666,Cuba-El Salvador,26
Cuba,Nicaragua,CUB,NIC,21.5,-80,13,-85,Cuba-Nicaragua,29
Cuba,Costa Rica,CUB,CRI,21.5,-80,10,-84,Cuba-Costa Rica,29
Cuba,Panama,CUB,PAN,21.5,-80,9,-80,Cuba-Panama,29
Cuba,Colombia,CUB,COL,21.5,-80,4,-72,Cuba-Colombia,29
Cuba,Ecuador,CUB,ECU,21.5,-80,-2,-77.5,Cuba-Ecuador,29
Cuba,Peru,CUB,PER,21.5,-80,-10,-76,Cuba-Peru,29
Cuba,Brazil,CUB,BRA,21.5,-80,-10,-55,Cuba-Brazil,29
Cuba,Paraguay,CUB,PRY,21.5,-80,-23,-58,Cuba-Paraguay,29
Cuba,Chile,CUB,CHL,21.5,-80,-30,-71,Cuba-Chile,29
Cuba,Argentina,CUB,ARG,21.5,-80,-34,-64,Cuba-Argentina,29
Cuba,Uruguay,CUB,URY,21.5,-80,-33,-56,Cuba-Uruguay,29
Haiti,Dominican Republic,HTI,DOM,19,-72.41666666,19,-70.66666666,Haiti-Dominican Republic,79
Haiti,Mexico,HTI,MEX,19,-72.41666666,23,-102,Haiti-Mexico,79
Haiti,Guatemala,HTI,GTM,19,-72.41666666,15.5,-90.25,Haiti-Guatemala,79
Haiti,Honduras,HTI,HND,19,-72.41666666,15,-86.5,Haiti-Honduras,79
Haiti,El Salvador,HTI,SLV,19,-72.41666666,13.83333333,-88.91666666,Haiti-El Salvador,76
Haiti,Nicaragua,HTI,NIC,19,-72.41666666,13,-85,Haiti-Nicaragua,79
Haiti,Costa Rica,HTI,CRI,19,-72.41666666,10,-84,Haiti-Costa Rica,79
Haiti,Panama,HTI,PAN,19,-72.41666666,9,-80,Haiti-Panama,79
Haiti,Colombia,HTI,COL,19,-72.41666666,4,-72,Haiti-Colombia,79
Haiti,Ecuador,HTI,ECU,19,-72.41666666,-2,-77.5,Haiti-Ecuador,79
Haiti,Peru,HTI,PER,19,-72.41666666,-10,-76,Haiti-Peru,79
Haiti,Brazil,HTI,BRA,19,-72.41666666,-10,-55,Haiti-Brazil,79
Haiti,Paraguay,HTI,PRY,19,-72.41666666,-23,-58,Haiti-Paraguay,79
Haiti,Chile,HTI,CHL,19,-72.41666666,-30,-71,Haiti-Chile,79
Haiti,Argentina,HTI,ARG,19,-72.41666666,-34,-64,Haiti-Argentina,79
Haiti,Uruguay,HTI,URY,19,-72.41666666,-33,-56,Haiti-Uruguay,79
Dominican Republic,Mexico,DOM,MEX,19,-70.66666666,23,-102,Dominican Republic-Mexico,79
Dominican Republic,Guatemala,DOM,GTM,19,-70.66666666,15.5,-90.25,Dominican Republic-Guatemala,79
Dominican Republic,Honduras,DOM,HND,19,-70.66666666,15,-86.5,Dominican Republic-Honduras,79
Dominican Republic,El Salvador,DOM,SLV,19,-70.66666666,13.83333333,-88.91666666,Dominican Republic-El Salvador,76
Dominican Republic,Nicaragua,DOM,NIC,19,-70.66666666,13,-85,Dominican Republic-Nicaragua,79
Dominican Republic,Costa Rica,DOM,CRI,19,-70.66666666,10,-84,Dominican Republic-Costa Rica,79
Dominican Republic,Panama,DOM,PAN,19,-70.66666666,9,-80,Dominican Republic-Panama,79
Dominican Republic,Colombia,DOM,COL,19,-70.66666666,4,-72,Dominican Republic-Colombia,79
Dominican Republic,Ecuador,DOM,ECU,19,-70.66666666,-2,-77.5,Dominican Republic-Ecuador,79
Dominican Republic,Peru,DOM,PER,19,-70.66666666,-10,-76,Dominican Republic-Peru,79
Dominican Republic,Brazil,DOM,BRA,19,-70.66666666,-10,-55,Dominican Republic-Brazil,79
Dominican Republic,Paraguay,DOM,PRY,19,-70.66666666,-23,-58,Dominican Republic-Paraguay,79
Dominican Republic,Chile,DOM,CHL,19,-70.66666666,-30,-71,Dominican Republic-Chile,79
Dominican Republic,Argentina,DOM,ARG,19,-70.66666666,-34,-64,Dominican Republic-Argentina,79
Dominican Republic,Uruguay,DOM,URY,19,-70.66666666,-33,-56,Dominican Republic-Uruguay,79
Mexico,Guatemala,MEX,GTM,23,-102,15.5,-90.25,Mexico-Guatemala,79
Mexico,Honduras,MEX,HND,23,-102,15,-86.5,Mexico-Honduras,79
Mexico,El Salvador,MEX,SLV,23,-102,13.83333333,-88.91666666,Mexico-El Salvador,76
Mexico,Nicaragua,MEX,NIC,23,-102,13,-85,Mexico-Nicaragua,79
Mexico,Costa Rica,MEX,CRI,23,-102,10,-84,Mexico-Costa Rica,79
Mexico,Panama,MEX,PAN,23,-102,9,-80,Mexico-Panama,79
Mexico,Colombia,MEX,COL,23,-102,4,-72,Mexico-Colombia,79
Mexico,Ecuador,MEX,ECU,23,-102,-2,-77.5,Mexico-Ecuador,79
Mexico,Peru,MEX,PER,23,-102,-10,-76,Mexico-Peru,79
Mexico,Brazil,MEX,BRA,23,-102,-10,-55,Mexico-Brazil,79
Mexico,Paraguay,MEX,PRY,23,-102,-23,-58,Mexico-Paraguay,79
Mexico,Chile,MEX,CHL,23,-102,-30,-71,Mexico-Chile,79
Mexico,Argentina,MEX,ARG,23,-102,-34,-64,Mexico-Argentina,79
Mexico,Uruguay,MEX,URY,23,-102,-33,-56,Mexico-Uruguay,79
Guatemala,Panama,GTM,PAN,15.5,-90.25,9,-80,Guatemala-Panama,86
Guatemala,Colombia,GTM,COL,15.5,-90.25,4,-72,Guatemala-Colombia,79
Guatemala,Ecuador,GTM,ECU,15.5,-90.25,-2,-77.5,Guatemala-Ecuador,79
Guatemala,Peru,GTM,PER,15.5,-90.25,-10,-76,Guatemala-Peru,79
Guatemala,Brazil,GTM,BRA,15.5,-90.25,-10,-55,Guatemala-Brazil,79
Guatemala,Paraguay,GTM,PRY,15.5,-90.25,-23,-58,Guatemala-Paraguay,79
Guatemala,Chile,GTM,CHL,15.5,-90.25,-30,-71,Guatemala-Chile,79
Guatemala,Argentina,GTM,ARG,15.5,-90.25,-34,-64,Guatemala-Argentina,79
Guatemala,Uruguay,GTM,URY,15.5,-90.25,-33,-56,Guatemala-Uruguay,79
Honduras,Panama,HND,PAN,15,-86.5,9,-80,Honduras-Panama,86
Honduras,Colombia,HND,COL,15,-86.5,4,-72,Honduras-Colombia,79
Honduras,Ecuador,HND,ECU,15,-86.5,-2,-77.5,Honduras-Ecuador,79
Honduras,Peru,HND,PER,15,-86.5,-10,-76,Honduras-Peru,79
Honduras,Brazil,HND,BRA,15,-86.5,-10,-55,Honduras-Brazil,79
Honduras,Paraguay,HND,PRY,15,-86.5,-23,-58,Honduras-Paraguay,79
Honduras,Chile,HND,CHL,15,-86.5,-30,-71,Honduras-Chile,79
Honduras,Argentina,HND,ARG,15,-86.5,-34,-64,Honduras-Argentina,79
Honduras,Uruguay,HND,URY,15,-86.5,-33,-56,Honduras-Uruguay,79
El Salvador,Panama,SLV,PAN,13.83333333,-88.91666666,9,-80,El Salvador-Panama,83
El Salvador,Colombia,SLV,COL,13.83333333,-88.91666666,4,-72,El Salvador-Colombia,76
El Salvador,Ecuador,SLV,ECU,13.83333333,-88.91666666,-2,-77.5,El Salvador-Ecuador,76
El Salvador,Peru,SLV,PER,13.83333333,-88.91666666,-10,-76,El Salvador-Peru,76
El Salvador,Brazil,SLV,BRA,13.83333333,-88.91666666,-10,-55,El Salvador-Brazil,76
El Salvador,Paraguay,SLV,PRY,13.83333333,-88.91666666,-23,-58,El Salvador-Paraguay,76
El Salvador,Chile,SLV,CHL,13.83333333,-88.91666666,-30,-71,El Salvador-Chile,76
El Salvador,Argentina,SLV,ARG,13.83333333,-88.91666666,-34,-64,El Salvador-Argentina,76
El Salvador,Uruguay,SLV,URY,13.83333333,-88.91666666,-33,-56,El Salvador-Uruguay,76
Nicaragua,Panama,NIC,PAN,13,-85,9,-80,Nicaragua-Panama,86
Nicaragua,Colombia,NIC,COL,13,-85,4,-72,Nicaragua-Colombia,79
Nicaragua,Ecuador,NIC,ECU,13,-85,-2,-77.5,Nicaragua-Ecuador,79
Nicaragua,Peru,NIC,PER,13,-85,-10,-76,Nicaragua-Peru,79
Nicaragua,Brazil,NIC,BRA,13,-85,-10,-55,Nicaragua-Brazil,79
Nicaragua,Paraguay,NIC,PRY,13,-85,-23,-58,Nicaragua-Paraguay,79
Nicaragua,Chile,NIC,CHL,13,-85,-30,-71,Nicaragua-Chile,79
Nicaragua,Argentina,NIC,ARG,13,-85,-34,-64,Nicaragua-Argentina,79
Nicaragua,Uruguay,NIC,URY,13,-85,-33,-56,Nicaragua-Uruguay,79
Costa Rica,Panama,CRI,PAN,10,-84,9,-80,Costa Rica-Panama,86
Costa Rica,Colombia,CRI,COL,10,-84,4,-72,Costa Rica-Colombia,79
Costa Rica,Ecuador,CRI,ECU,10,-84,-2,-77.5,Costa Rica-Ecuador,79
Costa Rica,Peru,CRI,PER,10,-84,-10,-76,Costa Rica-Peru,79
Costa Rica,Brazil,CRI,BRA,10,-84,-10,-55,Costa Rica-Brazil,79
Costa Rica,Paraguay,CRI,PRY,10,-84,-23,-58,Costa Rica-Paraguay,79
Costa Rica,Chile,CRI,CHL,10,-84,-30,-71,Costa Rica-Chile,79
Costa Rica,Argentina,CRI,ARG,10,-84,-34,-64,Costa Rica-Argentina,79
Costa Rica,Uruguay,CRI,URY,10,-84,-33,-56,Costa Rica-Uruguay,79
Panama,Colombia,PAN,COL,9,-80,4,-72,Panama-Colombia,79
Panama,Ecuador,PAN,ECU,9,-80,-2,-77.5,Panama-Ecuador,79
Panama,Peru,PAN,PER,9,-80,-10,-76,Panama-Peru,79
Panama,Brazil,PAN,BRA,9,-80,-10,-55,Panama-Brazil,79
Panama,Paraguay,PAN,PRY,9,-80,-23,-58,Panama-Paraguay,79
Panama,Chile,PAN,CHL,9,-80,-30,-71,Panama-Chile,79
Panama,Argentina,PAN,ARG,9,-80,-34,-64,Panama-Argentina,79
Panama,Uruguay,PAN,URY,9,-80,-33,-56,Panama-Uruguay,79
Colombia,Peru,COL,PER,4,-72,-10,-76,Colombia-Peru,79
Colombia,Brazil,COL,BRA,4,-72,-10,-55,Colombia-Brazil,79
Colombia,Paraguay,COL,PRY,4,-72,-23,-58,Colombia-Paraguay,79
Colombia,Chile,COL,CHL,4,-72,-30,-71,Colombia-Chile,79
Colombia,Argentina,COL,ARG,4,-72,-34,-64,Colombia-Argentina,79
Colombia,Uruguay,COL,URY,4,-72,-33,-56,Colombia-Uruguay,79
Ecuador,Brazil,ECU,BRA,-2,-77.5,-10,-55,Ecuador-Brazil,79
Ecuador,Paraguay,ECU,PRY,-2,-77.5,-23,-58,Ecuador-Paraguay,79
Ecuador,Argentina,ECU,ARG,-2,-77.5,-34,-64,Ecuador-Argentina,79
Ecuador,Uruguay,ECU,URY,-2,-77.5,-33,-56,Ecuador-Uruguay,79
Peru,Brazil,PER,BRA,-10,-76,-10,-55,Peru-Brazil,79
Peru,Paraguay,PER,PRY,-10,-76,-23,-58,Peru-Paraguay,79
Peru,Argentina,PER,ARG,-10,-76,-34,-64,Peru-Argentina,79
Peru,Uruguay,PER,URY,-10,-76,-33,-56,Peru-Uruguay,79
Brazil,Paraguay,BRA,PRY,-10,-55,-23,-58,Brazil-Paraguay,79
Brazil,Chile,BRA,CHL,-10,-55,-30,-71,Brazil-Chile,79
Paraguay,Chile,PRY,CHL,-23,-58,-30,-71,Paraguay-Chile,79
Paraguay,Uruguay,PRY,URY,-23,-58,-33,-56,Paraguay-Uruguay,79
Chile,Argentina,CHL,ARG,-30,-71,-34,-64,Chile-Argentina,142
Chile,Uruguay,CHL,URY,-30,-71,-33,-56,Chile-Uruguay,79
Turkey,Iraq,TUR,IRQ,39,35,33,44,Turkey-Iraq,24
Iraq,Afghanistan,IRQ,AFG,33,44,33,65,Iraq-Afghanistan,19
United Kingdom,Greece,GBR,GRC,54,-2,39,22,United Kingdom-Greece,86
United Kingdom,Bulgaria,GBR,BGR,54,-2,43,25,United Kingdom-Bulgaria,3
France,Greece,FRA,GRC,46,2,39,22,France-Greece,86
France,Bulgaria,FRA,BGR,46,2,43,25,France-Bulgaria,3
France,Egypt,FRA,EGY,46,2,27,30,France-Egypt,3
Greece,Egypt,GRC,EGY,39,22,27,30,Greece-Egypt,3
Bulgaria,Romania,BGR,ROU,43,25,46,25,Bulgaria-Romania,83
Bulgaria,Egypt,BGR,EGY,43,25,27,30,Bulgaria-Egypt,3
Romania,Egypt,ROU,EGY,46,25,27,30,Romania-Egypt,3
Turkey,Egypt,TUR,EGY,39,35,27,30,Turkey-Egypt,3
United Kingdom,Poland,GBR,POL,54,-2,52,20,United Kingdom-Poland,18
Germany,Denmark,DEU,DNK,51,9,56,10,Germany-Denmark,25
Germany,Estonia,DEU,EST,51,9,59,26,Germany-Estonia,2
Germany,Latvia,DEU,LVA,51,9,57,25,Germany-Latvia,2
United Kingdom,Thailand,GBR,THA,54,-2,15,100,United Kingdom-Thailand,28
Japan,Thailand,JPN,THA,36,138,15,100,Japan-Thailand,7
Hungary,Bulgaria,HUN,BGR,47,20,43,25,Hungary-Bulgaria,45
Hungary,Romania,HUN,ROU,47,20,46,25,Hungary-Romania,46
Italy,Bulgaria,ITA,BGR,42.83333333,12.83333333,43,25,Italy-Bulgaria,1
Bulgaria,Japan,BGR,JPN,43,25,36,138,Bulgaria-Japan,1
Romania,Japan,ROU,JPN,46,25,36,138,Romania-Japan,2
Australia,New Zealand,AUS,NZL,-27,133,-41,174,Australia-New Zealand,68
Mauritania,Somalia,MRT,SOM,20,-12,10,49,Mauritania-Somalia,39
Mauritania,Djibouti,MRT,DJI,20,-12,11.5,43,Mauritania-Djibouti,38
Mauritania,Morocco,MRT,MAR,20,-12,32,-5,Mauritania-Morocco,76
Mauritania,Algeria,MRT,DZA,20,-12,28,3,Mauritania-Algeria,71
Mauritania,Tunisia,MRT,TUN,20,-12,34,9,Mauritania-Tunisia,71
Mauritania,Libya,MRT,LBY,20,-12,25,17,Mauritania-Libya,64
Mauritania,Sudan,MRT,SDN,20,-12,15,30,Mauritania-Sudan,40
Mauritania,Iraq,MRT,IRQ,20,-12,33,44,Mauritania-Iraq,40
Mauritania,Egypt,MRT,EGY,20,-12,27,30,Mauritania-Egypt,31
Mauritania,Lebanon,MRT,LBN,20,-12,33.83333333,35.83333333,Mauritania-Lebanon,40
Mauritania,Jordan,MRT,JOR,20,-12,31,36,Mauritania-Jordan,40
Mauritania,Saudi Arabia,MRT,SAU,20,-12,25,45,Mauritania-Saudi Arabia,40
Mauritania,Yemen,MRT,YEM,20,-12,15,48,Mauritania-Yemen,23
Mauritania,Kuwait,MRT,KWT,20,-12,29.5,45.75,Mauritania-Kuwait,40
Mauritania,Qatar,MRT,QAT,20,-12,25.5,51.25,Mauritania-Qatar,40
Mauritania,United Arab Emirates,MRT,ARE,20,-12,24,54,Mauritania-United Arab Emirates,40
Mauritania,Oman,MRT,OMN,20,-12,21,57,Mauritania-Oman,40
Somalia,Djibouti,SOM,DJI,10,49,11.5,43,Somalia-Djibouti,38
Somalia,Morocco,SOM,MAR,10,49,32,-5,Somalia-Morocco,78
Somalia,Algeria,SOM,DZA,10,49,28,3,Somalia-Algeria,78
Somalia,Tunisia,SOM,TUN,10,49,34,9,Somalia-Tunisia,78
Somalia,Libya,SOM,LBY,10,49,25,17,Somalia-Libya,78
Somalia,Sudan,SOM,SDN,10,49,15,30,Somalia-Sudan,78
Somalia,Iraq,SOM,IRQ,10,49,33,44,Somalia-Iraq,78
Somalia,Egypt,SOM,EGY,10,49,27,30,Somalia-Egypt,60
Somalia,Lebanon,SOM,LBN,10,49,33.83333333,35.83333333,Somalia-Lebanon,78
Somalia,Jordan,SOM,JOR,10,49,31,36,Somalia-Jordan,78
Somalia,Saudi Arabia,SOM,SAU,10,49,25,45,Somalia-Saudi Arabia,78
Somalia,Yemen,SOM,YEM,10,49,15,48,Somalia-Yemen,46
Somalia,Kuwait,SOM,KWT,10,49,29.5,45.75,Somalia-Kuwait,78
Somalia,Qatar,SOM,QAT,10,49,25.5,51.25,Somalia-Qatar,78
Somalia,United Arab Emirates,SOM,ARE,10,49,24,54,Somalia-United Arab Emirates,78
Somalia,Oman,SOM,OMN,10,49,21,57,Somalia-Oman,39
Djibouti,Morocco,DJI,MAR,11.5,43,32,-5,Djibouti-Morocco,38
Djibouti,Algeria,DJI,DZA,11.5,43,28,3,Djibouti-Algeria,38
Djibouti,Tunisia,DJI,TUN,11.5,43,34,9,Djibouti-Tunisia,38
Djibouti,Libya,DJI,LBY,11.5,43,25,17,Djibouti-Libya,38
Djibouti,Sudan,DJI,SDN,11.5,43,15,30,Djibouti-Sudan,38
Djibouti,Iraq,DJI,IRQ,11.5,43,33,44,Djibouti-Iraq,38
Djibouti,Egypt,DJI,EGY,11.5,43,27,30,Djibouti-Egypt,29
Djibouti,Lebanon,DJI,LBN,11.5,43,33.83333333,35.83333333,Djibouti-Lebanon,38
Djibouti,Jordan,DJI,JOR,11.5,43,31,36,Djibouti-Jordan,38
Djibouti,Saudi Arabia,DJI,SAU,11.5,43,25,45,Djibouti-Saudi Arabia,38
Djibouti,Yemen,DJI,YEM,11.5,43,15,48,Djibouti-Yemen,23
Djibouti,Kuwait,DJI,KWT,11.5,43,29.5,45.75,Djibouti-Kuwait,38
Djibouti,Qatar,DJI,QAT,11.5,43,25.5,51.25,Djibouti-Qatar,38
Djibouti,United Arab Emirates,DJI,ARE,11.5,43,24,54,Djibouti-United Arab Emirates,38
Djibouti,Oman,DJI,OMN,11.5,43,21,57,Djibouti-Oman,38
Morocco,Algeria,MAR,DZA,32,-5,28,3,Morocco-Algeria,131
Morocco,Tunisia,MAR,TUN,32,-5,34,9,Morocco-Tunisia,131
Morocco,Libya,MAR,LBY,32,-5,25,17,Morocco-Libya,131
Morocco,Sudan,MAR,SDN,32,-5,15,30,Morocco-Sudan,104
Morocco,Iraq,MAR,IRQ,32,-5,33,44,Morocco-Iraq,107
Morocco,Egypt,MAR,EGY,32,-5,27,30,Morocco-Egypt,89
Morocco,Lebanon,MAR,LBN,32,-5,33.83333333,35.83333333,Morocco-Lebanon,107
Morocco,Jordan,MAR,JOR,32,-5,31,36,Morocco-Jordan,107
Morocco,Saudi Arabia,MAR,SAU,32,-5,25,45,Morocco-Saudi Arabia,107
Morocco,Yemen,MAR,YEM,32,-5,15,48,Morocco-Yemen,46
Morocco,Kuwait,MAR,KWT,32,-5,29.5,45.75,Morocco-Kuwait,101
Morocco,Qatar,MAR,QAT,32,-5,25.5,51.25,Morocco-Qatar,84
Morocco,United Arab Emirates,MAR,ARE,32,-5,24,54,Morocco-United Arab Emirates,93
Morocco,Oman,MAR,OMN,32,-5,21,57,Morocco-Oman,42
Algeria,Tunisia,DZA,TUN,28,3,34,9,Algeria-Tunisia,145
Algeria,Libya,DZA,LBY,28,3,25,17,Algeria-Libya,134
Algeria,Sudan,DZA,SDN,28,3,15,30,Algeria-Sudan,100
Algeria,Iraq,DZA,IRQ,28,3,33,44,Algeria-Iraq,100
Algeria,Egypt,DZA,EGY,28,3,27,30,Algeria-Egypt,82
Algeria,Lebanon,DZA,LBN,28,3,33.83333333,35.83333333,Algeria-Lebanon,100
Algeria,Jordan,DZA,JOR,28,3,31,36,Algeria-Jordan,100
Algeria,Saudi Arabia,DZA,SAU,28,3,25,45,Algeria-Saudi Arabia,100
Algeria,Yemen,DZA,YEM,28,3,15,48,Algeria-Yemen,46
Algeria,Kuwait,DZA,KWT,28,3,29.5,45.75,Algeria-Kuwait,98
Algeria,Qatar,DZA,QAT,28,3,25.5,51.25,Algeria-Qatar,84
Algeria,United Arab Emirates,DZA,ARE,28,3,24,54,Algeria-United Arab Emirates,90
Algeria,Oman,DZA,OMN,28,3,21,57,Algeria-Oman,42
Tunisia,Libya,TUN,LBY,34,9,25,17,Tunisia-Libya,146
Tunisia,Sudan,TUN,SDN,34,9,15,30,Tunisia-Sudan,104
Tunisia,Iraq,TUN,IRQ,34,9,33,44,Tunisia-Iraq,115
Tunisia,Egypt,TUN,EGY,34,9,27,30,Tunisia-Egypt,97
Tunisia,Lebanon,TUN,LBN,34,9,33.83333333,35.83333333,Tunisia-Lebanon,115
Tunisia,Jordan,TUN,JOR,34,9,31,36,Tunisia-Jordan,115
Tunisia,Saudi Arabia,TUN,SAU,34,9,25,45,Tunisia-Saudi Arabia,115
Tunisia,Yemen,TUN,YEM,34,9,15,48,Tunisia-Yemen,46
Tunisia,Kuwait,TUN,KWT,34,9,29.5,45.75,Tunisia-Kuwait,101
Tunisia,Qatar,TUN,QAT,34,9,25.5,51.25,Tunisia-Qatar,84
Tunisia,United Arab Emirates,TUN,ARE,34,9,24,54,Tunisia-United Arab Emirates,101
Tunisia,Oman,TUN,OMN,34,9,21,57,Tunisia-Oman,42
Libya,Sudan,LBY,SDN,25,17,15,30,Libya-Sudan,107
Libya,Iraq,LBY,IRQ,25,17,33,44,Libya-Iraq,109
Libya,Egypt,LBY,EGY,25,17,27,30,Libya-Egypt,91
Libya,Lebanon,LBY,LBN,25,17,33.83333333,35.83333333,Libya-Lebanon,109
Libya,Jordan,LBY,JOR,25,17,31,36,Libya-Jordan,109
Libya,Saudi Arabia,LBY,SAU,25,17,25,45,Libya-Saudi Arabia,109
Libya,Yemen,LBY,YEM,25,17,15,48,Libya-Yemen,46
Libya,Kuwait,LBY,KWT,25,17,29.5,45.75,Libya-Kuwait,98
Libya,Qatar,LBY,QAT,25,17,25.5,51.25,Libya-Qatar,84
Libya,United Arab Emirates,LBY,ARE,25,17,24,54,Libya-United Arab Emirates,90
Libya,Oman,LBY,OMN,25,17,21,57,Libya-Oman,42
Sudan,Iraq,SDN,IRQ,15,30,33,44,Sudan-Iraq,107
Sudan,Egypt,SDN,EGY,15,30,27,30,Sudan-Egypt,103
Sudan,Lebanon,SDN,LBN,15,30,33.83333333,35.83333333,Sudan-Lebanon,107
Sudan,Jordan,SDN,JOR,15,30,31,36,Sudan-Jordan,107
Sudan,Saudi Arabia,SDN,SAU,15,30,25,45,Sudan-Saudi Arabia,107
Sudan,Yemen,SDN,YEM,15,30,15,48,Sudan-Yemen,46
Sudan,Kuwait,SDN,KWT,15,30,29.5,45.75,Sudan-Kuwait,98
Sudan,Qatar,SDN,QAT,15,30,25.5,51.25,Sudan-Qatar,84
Sudan,United Arab Emirates,SDN,ARE,15,30,24,54,Sudan-United Arab Emirates,90
Sudan,Oman,SDN,OMN,15,30,21,57,Sudan-Oman,42
Iraq,Egypt,IRQ,EGY,33,44,27,30,Iraq-Egypt,124
Iraq,Lebanon,IRQ,LBN,33,44,33.83333333,35.83333333,Iraq-Lebanon,129
Iraq,Jordan,IRQ,JOR,33,44,31,36,Iraq-Jordan,154
Iraq,Yemen,IRQ,YEM,33,44,15,48,Iraq-Yemen,46
Iraq,Kuwait,IRQ,KWT,33,44,29.5,45.75,Iraq-Kuwait,101
Iraq,Qatar,IRQ,QAT,33,44,25.5,51.25,Iraq-Qatar,84
Iraq,United Arab Emirates,IRQ,ARE,33,44,24,54,Iraq-United Arab Emirates,101
Iraq,Oman,IRQ,OMN,33,44,21,57,Iraq-Oman,42
Egypt,Lebanon,EGY,LBN,27,30,33.83333333,35.83333333,Egypt-Lebanon,113
Egypt,Jordan,EGY,JOR,27,30,31,36,Egypt-Jordan,130
Egypt,Saudi Arabia,EGY,SAU,27,30,25,45,Egypt-Saudi Arabia,122
Egypt,Yemen,EGY,YEM,27,30,15,48,Egypt-Yemen,46
Egypt,Kuwait,EGY,KWT,27,30,29.5,45.75,Egypt-Kuwait,83
Egypt,Qatar,EGY,QAT,27,30,25.5,51.25,Egypt-Qatar,66
Egypt,United Arab Emirates,EGY,ARE,27,30,24,54,Egypt-United Arab Emirates,83
Egypt,Oman,EGY,OMN,27,30,21,57,Egypt-Oman,33
Lebanon,Jordan,LBN,JOR,33.83333333,35.83333333,31,36,Lebanon-Jordan,129
Lebanon,Saudi Arabia,LBN,SAU,33.83333333,35.83333333,25,45,Lebanon-Saudi Arabia,131
Lebanon,Yemen,LBN,YEM,33.83333333,35.83333333,15,48,Lebanon-Yemen,46
Lebanon,Kuwait,LBN,KWT,33.83333333,35.83333333,29.5,45.75,Lebanon-Kuwait,101
Lebanon,Qatar,LBN,QAT,33.83333333,35.83333333,25.5,51.25,Lebanon-Qatar,84
Lebanon,United Arab Emirates,LBN,ARE,33.83333333,35.83333333,24,54,Lebanon-United Arab Emirates,101
Lebanon,Oman,LBN,OMN,33.83333333,35.83333333,21,57,Lebanon-Oman,42
Jordan,Saudi Arabia,JOR,SAU,31,36,25,45,Jordan-Saudi Arabia,135
Jordan,Yemen,JOR,YEM,31,36,15,48,Jordan-Yemen,46
Jordan,Kuwait,JOR,KWT,31,36,29.5,45.75,Jordan-Kuwait,101
Jordan,Qatar,JOR,QAT,31,36,25.5,51.25,Jordan-Qatar,84
Jordan,United Arab Emirates,JOR,ARE,31,36,24,54,Jordan-United Arab Emirates,101
Jordan,Oman,JOR,OMN,31,36,21,57,Jordan-Oman,42
Saudi Arabia,Yemen,SAU,YEM,25,45,15,48,Saudi Arabia-Yemen,46
Saudi Arabia,Kuwait,SAU,KWT,25,45,29.5,45.75,Saudi Arabia-Kuwait,114
Saudi Arabia,Qatar,SAU,QAT,25,45,25.5,51.25,Saudi Arabia-Qatar,97
Saudi Arabia,United Arab Emirates,SAU,ARE,25,45,24,54,Saudi Arabia-United Arab Emirates,114
Saudi Arabia,Oman,SAU,OMN,25,45,21,57,Saudi Arabia-Oman,55
Yemen,Kuwait,YEM,KWT,15,48,29.5,45.75,Yemen-Kuwait,46
Yemen,Qatar,YEM,QAT,15,48,25.5,51.25,Yemen-Qatar,46
Yemen,United Arab Emirates,YEM,ARE,15,48,24,54,Yemen-United Arab Emirates,46
Yemen,Oman,YEM,OMN,15,48,21,57,Yemen-Oman,23
Kuwait,Qatar,KWT,QAT,29.5,45.75,25.5,51.25,Kuwait-Qatar,97
Kuwait,United Arab Emirates,KWT,ARE,29.5,45.75,24,54,Kuwait-United Arab Emirates,106
Kuwait,Oman,KWT,OMN,29.5,45.75,21,57,Kuwait-Oman,55
Qatar,United Arab Emirates,QAT,ARE,25.5,51.25,24,54,Qatar-United Arab Emirates,96
Qatar,Oman,QAT,OMN,25.5,51.25,21,57,Qatar-Oman,55
United Arab Emirates,Oman,ARE,OMN,24,54,21,57,United Arab Emirates-Oman,54
United Kingdom,Jordan,GBR,JOR,54,-2,31,36,United Kingdom-Jordan,11
Canada,Bahamas,CAN,BHS,60,-95,24.25,-76,Canada-Bahamas,24
Canada,Haiti,CAN,HTI,60,-95,19,-72.41666666,Canada-Haiti,24
Canada,Dominican Republic,CAN,DOM,60,-95,19,-70.66666666,Canada-Dominican Republic,24
Canada,Jamaica,CAN,JAM,60,-95,18.25,-77.5,Canada-Jamaica,24
Canada,Trinidad and Tobago,CAN,TTO,60,-95,11,-61,Canada-Trinidad and Tobago,24
Canada,Mexico,CAN,MEX,60,-95,23,-102,Canada-Mexico,24
Canada,Belize,CAN,BLZ,60,-95,17.25,-88.75,Canada-Belize,22
Canada,Guatemala,CAN,GTM,60,-95,15.5,-90.25,Canada-Guatemala,24
Canada,Honduras,CAN,HND,60,-95,15,-86.5,Canada-Honduras,24
Canada,El Salvador,CAN,SLV,60,-95,13.83333333,-88.91666666,Canada-El Salvador,24
Canada,Nicaragua,CAN,NIC,60,-95,13,-85,Canada-Nicaragua,24
Canada,Costa Rica,CAN,CRI,60,-95,10,-84,Canada-Costa Rica,24
Canada,Panama,CAN,PAN,60,-95,9,-80,Canada-Panama,24
Canada,Colombia,CAN,COL,60,-95,4,-72,Canada-Colombia,24
Canada,Guyana,CAN,GUY,60,-95,5,-59,Canada-Guyana,22
Canada,Suriname,CAN,SUR,60,-95,4,-56,Canada-Suriname,24
Canada,Ecuador,CAN,ECU,60,-95,-2,-77.5,Canada-Ecuador,24
Canada,Peru,CAN,PER,60,-95,-10,-76,Canada-Peru,24
Canada,Brazil,CAN,BRA,60,-95,-10,-55,Canada-Brazil,24
Canada,Paraguay,CAN,PRY,60,-95,-23,-58,Canada-Paraguay,24
Canada,Chile,CAN,CHL,60,-95,-30,-71,Canada-Chile,24
Canada,Argentina,CAN,ARG,60,-95,-34,-64,Canada-Argentina,24
Canada,Uruguay,CAN,URY,60,-95,-33,-56,Canada-Uruguay,24
Bahamas,Haiti,BHS,HTI,24.25,-76,19,-72.41666666,Bahamas-Haiti,31
Bahamas,Dominican Republic,BHS,DOM,24.25,-76,19,-70.66666666,Bahamas-Dominican Republic,31
Bahamas,Jamaica,BHS,JAM,24.25,-76,18.25,-77.5,Bahamas-Jamaica,31
Bahamas,Trinidad and Tobago,BHS,TTO,24.25,-76,11,-61,Bahamas-Trinidad and Tobago,31
Bahamas,Mexico,BHS,MEX,24.25,-76,23,-102,Bahamas-Mexico,31
Bahamas,Belize,BHS,BLZ,24.25,-76,17.25,-88.75,Bahamas-Belize,22
Bahamas,Guatemala,BHS,GTM,24.25,-76,15.5,-90.25,Bahamas-Guatemala,31
Bahamas,Honduras,BHS,HND,24.25,-76,15,-86.5,Bahamas-Honduras,31
Bahamas,El Salvador,BHS,SLV,24.25,-76,13.83333333,-88.91666666,Bahamas-El Salvador,31
Bahamas,Nicaragua,BHS,NIC,24.25,-76,13,-85,Bahamas-Nicaragua,31
Bahamas,Costa Rica,BHS,CRI,24.25,-76,10,-84,Bahamas-Costa Rica,31
Bahamas,Panama,BHS,PAN,24.25,-76,9,-80,Bahamas-Panama,31
Bahamas,Colombia,BHS,COL,24.25,-76,4,-72,Bahamas-Colombia,31
Bahamas,Guyana,BHS,GUY,24.25,-76,5,-59,Bahamas-Guyana,22
Bahamas,Suriname,BHS,SUR,24.25,-76,4,-56,Bahamas-Suriname,31
Bahamas,Ecuador,BHS,ECU,24.25,-76,-2,-77.5,Bahamas-Ecuador,31
Bahamas,Peru,BHS,PER,24.25,-76,-10,-76,Bahamas-Peru,31
Bahamas,Brazil,BHS,BRA,24.25,-76,-10,-55,Bahamas-Brazil,31
Bahamas,Paraguay,BHS,PRY,24.25,-76,-23,-58,Bahamas-Paraguay,31
Bahamas,Chile,BHS,CHL,24.25,-76,-30,-71,Bahamas-Chile,31
Bahamas,Argentina,BHS,ARG,24.25,-76,-34,-64,Bahamas-Argentina,31
Bahamas,Uruguay,BHS,URY,24.25,-76,-33,-56,Bahamas-Uruguay,31
Haiti,Jamaica,HTI,JAM,19,-72.41666666,18.25,-77.5,Haiti-Jamaica,44
Haiti,Trinidad and Tobago,HTI,TTO,19,-72.41666666,11,-61,Haiti-Trinidad and Tobago,46
Haiti,Belize,HTI,BLZ,19,-72.41666666,17.25,-88.75,Haiti-Belize,22
Haiti,Guyana,HTI,GUY,19,-72.41666666,5,-59,Haiti-Guyana,22
Haiti,Suriname,HTI,SUR,19,-72.41666666,4,-56,Haiti-Suriname,36
Dominican Republic,Jamaica,DOM,JAM,19,-70.66666666,18.25,-77.5,Dominican Republic-Jamaica,44
Dominican Republic,Trinidad and Tobago,DOM,TTO,19,-70.66666666,11,-61,Dominican Republic-Trinidad and Tobago,46
Dominican Republic,Belize,DOM,BLZ,19,-70.66666666,17.25,-88.75,Dominican Republic-Belize,22
Dominican Republic,Guyana,DOM,GUY,19,-70.66666666,5,-59,Dominican Republic-Guyana,22
Dominican Republic,Suriname,DOM,SUR,19,-70.66666666,4,-56,Dominican Republic-Suriname,36
Jamaica,Trinidad and Tobago,JAM,TTO,18.25,-77.5,11,-61,Jamaica-Trinidad and Tobago,44
Jamaica,Mexico,JAM,MEX,18.25,-77.5,23,-102,Jamaica-Mexico,44
Jamaica,Belize,JAM,BLZ,18.25,-77.5,17.25,-88.75,Jamaica-Belize,22
Jamaica,Guatemala,JAM,GTM,18.25,-77.5,15.5,-90.25,Jamaica-Guatemala,44
Jamaica,Honduras,JAM,HND,18.25,-77.5,15,-86.5,Jamaica-Honduras,44
Jamaica,El Salvador,JAM,SLV,18.25,-77.5,13.83333333,-88.91666666,Jamaica-El Salvador,44
Jamaica,Nicaragua,JAM,NIC,18.25,-77.5,13,-85,Jamaica-Nicaragua,44
Jamaica,Costa Rica,JAM,CRI,18.25,-77.5,10,-84,Jamaica-Costa Rica,44
Jamaica,Panama,JAM,PAN,18.25,-77.5,9,-80,Jamaica-Panama,44
Jamaica,Colombia,JAM,COL,18.25,-77.5,4,-72,Jamaica-Colombia,44
Jamaica,Guyana,JAM,GUY,18.25,-77.5,5,-59,Jamaica-Guyana,22
Jamaica,Suriname,JAM,SUR,18.25,-77.5,4,-56,Jamaica-Suriname,36
Jamaica,Ecuador,JAM,ECU,18.25,-77.5,-2,-77.5,Jamaica-Ecuador,44
Jamaica,Peru,JAM,PER,18.25,-77.5,-10,-76,Jamaica-Peru,44
Jamaica,Brazil,JAM,BRA,18.25,-77.5,-10,-55,Jamaica-Brazil,44
Jamaica,Paraguay,JAM,PRY,18.25,-77.5,-23,-58,Jamaica-Paraguay,44
Jamaica,Chile,JAM,CHL,18.25,-77.5,-30,-71,Jamaica-Chile,44
Jamaica,Argentina,JAM,ARG,18.25,-77.5,-34,-64,Jamaica-Argentina,44
Jamaica,Uruguay,JAM,URY,18.25,-77.5,-33,-56,Jamaica-Uruguay,44
Trinidad and Tobago,Mexico,TTO,MEX,11,-61,23,-102,Trinidad and Tobago-Mexico,46
Trinidad and Tobago,Belize,TTO,BLZ,11,-61,17.25,-88.75,Trinidad and Tobago-Belize,22
Trinidad and Tobago,Guatemala,TTO,GTM,11,-61,15.5,-90.25,Trinidad and Tobago-Guatemala,46
Trinidad and Tobago,Honduras,TTO,HND,11,-61,15,-86.5,Trinidad and Tobago-Honduras,46
Trinidad and Tobago,El Salvador,TTO,SLV,11,-61,13.83333333,-88.91666666,Trinidad and Tobago-El Salvador,46
Trinidad and Tobago,Nicaragua,TTO,NIC,11,-61,13,-85,Trinidad and Tobago-Nicaragua,46
Trinidad and Tobago,Costa Rica,TTO,CRI,11,-61,10,-84,Trinidad and Tobago-Costa Rica,46
Trinidad and Tobago,Panama,TTO,PAN,11,-61,9,-80,Trinidad and Tobago-Panama,46
Trinidad and Tobago,Colombia,TTO,COL,11,-61,4,-72,Trinidad and Tobago-Colombia,46
Trinidad and Tobago,Guyana,TTO,GUY,11,-61,5,-59,Trinidad and Tobago-Guyana,22
Trinidad and Tobago,Suriname,TTO,SUR,11,-61,4,-56,Trinidad and Tobago-Suriname,36
Trinidad and Tobago,Ecuador,TTO,ECU,11,-61,-2,-77.5,Trinidad and Tobago-Ecuador,46
Trinidad and Tobago,Peru,TTO,PER,11,-61,-10,-76,Trinidad and Tobago-Peru,46
Trinidad and Tobago,Brazil,TTO,BRA,11,-61,-10,-55,Trinidad and Tobago-Brazil,46
Trinidad and Tobago,Paraguay,TTO,PRY,11,-61,-23,-58,Trinidad and Tobago-Paraguay,46
Trinidad and Tobago,Chile,TTO,CHL,11,-61,-30,-71,Trinidad and Tobago-Chile,46
Trinidad and Tobago,Argentina,TTO,ARG,11,-61,-34,-64,Trinidad and Tobago-Argentina,46
Trinidad and Tobago,Uruguay,TTO,URY,11,-61,-33,-56,Trinidad and Tobago-Uruguay,46
Mexico,Belize,MEX,BLZ,23,-102,17.25,-88.75,Mexico-Belize,22
Mexico,Guyana,MEX,GUY,23,-102,5,-59,Mexico-Guyana,22
Mexico,Suriname,MEX,SUR,23,-102,4,-56,Mexico-Suriname,36
Belize,Guatemala,BLZ,GTM,17.25,-88.75,15.5,-90.25,Belize-Guatemala,22
Belize,Honduras,BLZ,HND,17.25,-88.75,15,-86.5,Belize-Honduras,22
Belize,El Salvador,BLZ,SLV,17.25,-88.75,13.83333333,-88.91666666,Belize-El Salvador,22
Belize,Nicaragua,BLZ,NIC,17.25,-88.75,13,-85,Belize-Nicaragua,22
Belize,Costa Rica,BLZ,CRI,17.25,-88.75,10,-84,Belize-Costa Rica,22
Belize,Panama,BLZ,PAN,17.25,-88.75,9,-80,Belize-Panama,22
Belize,Colombia,BLZ,COL,17.25,-88.75,4,-72,Belize-Colombia,22
Belize,Guyana,BLZ,GUY,17.25,-88.75,5,-59,Belize-Guyana,22
Belize,Suriname,BLZ,SUR,17.25,-88.75,4,-56,Belize-Suriname,22
Belize,Ecuador,BLZ,ECU,17.25,-88.75,-2,-77.5,Belize-Ecuador,22
Belize,Peru,BLZ,PER,17.25,-88.75,-10,-76,Belize-Peru,22
Belize,Brazil,BLZ,BRA,17.25,-88.75,-10,-55,Belize-Brazil,22
Belize,Paraguay,BLZ,PRY,17.25,-88.75,-23,-58,Belize-Paraguay,22
Belize,Chile,BLZ,CHL,17.25,-88.75,-30,-71,Belize-Chile,22
Belize,Argentina,BLZ,ARG,17.25,-88.75,-34,-64,Belize-Argentina,22
Belize,Uruguay,BLZ,URY,17.25,-88.75,-33,-56,Belize-Uruguay,22
Guatemala,Guyana,GTM,GUY,15.5,-90.25,5,-59,Guatemala-Guyana,22
Guatemala,Suriname,GTM,SUR,15.5,-90.25,4,-56,Guatemala-Suriname,36
Honduras,Guyana,HND,GUY,15,-86.5,5,-59,Honduras-Guyana,22
Honduras,Suriname,HND,SUR,15,-86.5,4,-56,Honduras-Suriname,36
El Salvador,Guyana,SLV,GUY,13.83333333,-88.91666666,5,-59,El Salvador-Guyana,22
El Salvador,Suriname,SLV,SUR,13.83333333,-88.91666666,4,-56,El Salvador-Suriname,36
Nicaragua,Guyana,NIC,GUY,13,-85,5,-59,Nicaragua-Guyana,22
Nicaragua,Suriname,NIC,SUR,13,-85,4,-56,Nicaragua-Suriname,36
Costa Rica,Guyana,CRI,GUY,10,-84,5,-59,Costa Rica-Guyana,22
Costa Rica,Suriname,CRI,SUR,10,-84,4,-56,Costa Rica-Suriname,36
Panama,Guyana,PAN,GUY,9,-80,5,-59,Panama-Guyana,22
Panama,Suriname,PAN,SUR,9,-80,4,-56,Panama-Suriname,36
Colombia,Guyana,COL,GUY,4,-72,5,-59,Colombia-Guyana,22
Colombia,Suriname,COL,SUR,4,-72,4,-56,Colombia-Suriname,36
Guyana,Suriname,GUY,SUR,5,-59,4,-56,Guyana-Suriname,22
Guyana,Ecuador,GUY,ECU,5,-59,-2,-77.5,Guyana-Ecuador,22
Guyana,Peru,GUY,PER,5,-59,-10,-76,Guyana-Peru,22
Guyana,Brazil,GUY,BRA,5,-59,-10,-55,Guyana-Brazil,22
Guyana,Paraguay,GUY,PRY,5,-59,-23,-58,Guyana-Paraguay,22
Guyana,Chile,GUY,CHL,5,-59,-30,-71,Guyana-Chile,22
Guyana,Argentina,GUY,ARG,5,-59,-34,-64,Guyana-Argentina,22
Guyana,Uruguay,GUY,URY,5,-59,-33,-56,Guyana-Uruguay,22
Suriname,Ecuador,SUR,ECU,4,-56,-2,-77.5,Suriname-Ecuador,36
Suriname,Peru,SUR,PER,4,-56,-10,-76,Suriname-Peru,36
Suriname,Brazil,SUR,BRA,4,-56,-10,-55,Suriname-Brazil,36
Suriname,Paraguay,SUR,PRY,4,-56,-23,-58,Suriname-Paraguay,36
Suriname,Chile,SUR,CHL,4,-56,-30,-71,Suriname-Chile,36
Suriname,Argentina,SUR,ARG,4,-56,-34,-64,Suriname-Argentina,36
Suriname,Uruguay,SUR,URY,4,-56,-33,-56,Suriname-Uruguay,36
Albania,Bulgaria,ALB,BGR,41,20,43,25,Albania-Bulgaria,55
United Kingdom,Netherlands,GBR,NLD,54,-2,52.5,5.75,United Kingdom-Netherlands,129
United Kingdom,Luxembourg,GBR,LUX,54,-2,49.75,6.16666666,United Kingdom-Luxembourg,129
Netherlands,Belgium,NLD,BEL,52.5,5.75,50.83333333,4,Netherlands-Belgium,129
Netherlands,Luxembourg,NLD,LUX,52.5,5.75,49.75,6.16666666,Netherlands-Luxembourg,129
Netherlands,France,NLD,FRA,52.5,5.75,46,2,Netherlands-France,129
Netherlands,Portugal,NLD,PRT,52.5,5.75,39.5,-8,Netherlands-Portugal,89
Netherlands,Italy,NLD,ITA,52.5,5.75,42.83333333,12.83333333,Netherlands-Italy,123
Netherlands,Greece,NLD,GRC,52.5,5.75,39,22,Netherlands-Greece,83
Belgium,Luxembourg,BEL,LUX,50.83333333,4,49.75,6.16666666,Belgium-Luxembourg,129
Belgium,Spain,BEL,ESP,50.83333333,4,40,-4,Belgium-Spain,57
Belgium,Portugal,BEL,PRT,50.83333333,4,39.5,-8,Belgium-Portugal,89
Belgium,Greece,BEL,GRC,50.83333333,4,39,22,Belgium-Greece,83
Luxembourg,France,LUX,FRA,49.75,6.16666666,46,2,Luxembourg-France,129
Luxembourg,Spain,LUX,ESP,49.75,6.16666666,40,-4,Luxembourg-Spain,57
Luxembourg,Portugal,LUX,PRT,49.75,6.16666666,39.5,-8,Luxembourg-Portugal,89
Luxembourg,Italy,LUX,ITA,49.75,6.16666666,42.83333333,12.83333333,Luxembourg-Italy,123
Luxembourg,Greece,LUX,GRC,49.75,6.16666666,39,22,Luxembourg-Greece,83
Spain,Greece,ESP,GRC,40,-4,39,22,Spain-Greece,53
Portugal,Italy,PRT,ITA,39.5,-8,42.83333333,12.83333333,Portugal-Italy,89
Portugal,Greece,PRT,GRC,39.5,-8,39,22,Portugal-Greece,83
Poland,Bulgaria,POL,BGR,52,20,43,25,Poland-Bulgaria,77
Poland,Hungary,POL,HUN,52,20,47,20,Poland-Hungary,58
Canada,United Kingdom,CAN,GBR,60,-95,54,-2,Canada-United Kingdom,67
Canada,Netherlands,CAN,NLD,60,-95,52.5,5.75,Canada-Netherlands,64
Canada,Belgium,CAN,BEL,60,-95,50.83333333,4,Canada-Belgium,64
Canada,Luxembourg,CAN,LUX,60,-95,49.75,6.16666666,Canada-Luxembourg,64
Canada,France,CAN,FRA,60,-95,46,2,Canada-France,67
Canada,Spain,CAN,ESP,60,-95,40,-4,Canada-Spain,32
Canada,Portugal,CAN,PRT,60,-95,39.5,-8,Canada-Portugal,64
Canada,Germany,CAN,DEU,60,-95,51,9,Canada-Germany,23
Canada,Poland,CAN,POL,60,-95,52,20,Canada-Poland,17
Canada,Hungary,CAN,HUN,60,-95,47,20,Canada-Hungary,14
Canada,Italy,CAN,ITA,60,-95,42.83333333,12.83333333,Canada-Italy,64
Canada,Greece,CAN,GRC,60,-95,39,22,Canada-Greece,62
Canada,Norway,CAN,NOR,60,-95,62,10,Canada-Norway,64
Canada,Denmark,CAN,DNK,60,-95,56,10,Canada-Denmark,64
Canada,Iceland,CAN,ISL,60,-95,65,-18,Canada-Iceland,64
Canada,Turkey,CAN,TUR,60,-95,39,35,Canada-Turkey,62
United Kingdom,Hungary,GBR,HUN,54,-2,47,20,United Kingdom-Hungary,14
United Kingdom,Norway,GBR,NOR,54,-2,62,10,United Kingdom-Norway,64
United Kingdom,Denmark,GBR,DNK,54,-2,56,10,United Kingdom-Denmark,64
United Kingdom,Iceland,GBR,ISL,54,-2,65,-18,United Kingdom-Iceland,64
Netherlands,Germany,NLD,DEU,52.5,5.75,51,9,Netherlands-Germany,23
Netherlands,Poland,NLD,POL,52.5,5.75,52,20,Netherlands-Poland,14
Netherlands,Hungary,NLD,HUN,52.5,5.75,47,20,Netherlands-Hungary,14
Netherlands,Norway,NLD,NOR,52.5,5.75,62,10,Netherlands-Norway,64
Netherlands,Denmark,NLD,DNK,52.5,5.75,56,10,Netherlands-Denmark,64
Netherlands,Iceland,NLD,ISL,52.5,5.75,65,-18,Netherlands-Iceland,64
Netherlands,Turkey,NLD,TUR,52.5,5.75,39,35,Netherlands-Turkey,62
Belgium,Poland,BEL,POL,50.83333333,4,52,20,Belgium-Poland,14
Belgium,Hungary,BEL,HUN,50.83333333,4,47,20,Belgium-Hungary,14
Belgium,Norway,BEL,NOR,50.83333333,4,62,10,Belgium-Norway,64
Belgium,Denmark,BEL,DNK,50.83333333,4,56,10,Belgium-Denmark,64
Belgium,Iceland,BEL,ISL,50.83333333,4,65,-18,Belgium-Iceland,64
Belgium,Turkey,BEL,TUR,50.83333333,4,39,35,Belgium-Turkey,62
Luxembourg,Germany,LUX,DEU,49.75,6.16666666,51,9,Luxembourg-Germany,23
Luxembourg,Poland,LUX,POL,49.75,6.16666666,52,20,Luxembourg-Poland,14
Luxembourg,Hungary,LUX,HUN,49.75,6.16666666,47,20,Luxembourg-Hungary,14
Luxembourg,Norway,LUX,NOR,49.75,6.16666666,62,10,Luxembourg-Norway,64
Luxembourg,Denmark,LUX,DNK,49.75,6.16666666,56,10,Luxembourg-Denmark,64
Luxembourg,Iceland,LUX,ISL,49.75,6.16666666,65,-18,Luxembourg-Iceland,64
Luxembourg,Turkey,LUX,TUR,49.75,6.16666666,39,35,Luxembourg-Turkey,62
France,Hungary,FRA,HUN,46,2,47,20,France-Hungary,14
France,Norway,FRA,NOR,46,2,62,10,France-Norway,64
France,Denmark,FRA,DNK,46,2,56,10,France-Denmark,64
France,Iceland,FRA,ISL,46,2,65,-18,France-Iceland,64
Spain,Poland,ESP,POL,40,-4,52,20,Spain-Poland,14
Spain,Norway,ESP,NOR,40,-4,62,10,Spain-Norway,32
Spain,Denmark,ESP,DNK,40,-4,56,10,Spain-Denmark,32
Spain,Iceland,ESP,ISL,40,-4,65,-18,Spain-Iceland,32
Spain,Turkey,ESP,TUR,40,-4,39,35,Spain-Turkey,32
Portugal,Germany,PRT,DEU,39.5,-8,51,9,Portugal-Germany,23
Portugal,Poland,PRT,POL,39.5,-8,52,20,Portugal-Poland,14
Portugal,Hungary,PRT,HUN,39.5,-8,47,20,Portugal-Hungary,14
Portugal,Norway,PRT,NOR,39.5,-8,62,10,Portugal-Norway,64
Portugal,Denmark,PRT,DNK,39.5,-8,56,10,Portugal-Denmark,64
Portugal,Iceland,PRT,ISL,39.5,-8,65,-18,Portugal-Iceland,64
Portugal,Turkey,PRT,TUR,39.5,-8,39,35,Portugal-Turkey,62
Germany,Greece,DEU,GRC,51,9,39,22,Germany-Greece,23
Germany,Norway,DEU,NOR,51,9,62,10,Germany-Norway,23
Germany,Iceland,DEU,ISL,51,9,65,-18,Germany-Iceland,23
Poland,Italy,POL,ITA,52,20,42.83333333,12.83333333,Poland-Italy,14
Poland,Greece,POL,GRC,52,20,39,22,Poland-Greece,31
Poland,Norway,POL,NOR,52,20,62,10,Poland-Norway,14
Poland,Denmark,POL,DNK,52,20,56,10,Poland-Denmark,14
Poland,Iceland,POL,ISL,52,20,65,-18,Poland-Iceland,14
Poland,Turkey,POL,TUR,52,20,39,35,Poland-Turkey,14
Hungary,Greece,HUN,GRC,47,20,39,22,Hungary-Greece,14
Hungary,Norway,HUN,NOR,47,20,62,10,Hungary-Norway,14
Hungary,Denmark,HUN,DNK,47,20,56,10,Hungary-Denmark,14
Hungary,Iceland,HUN,ISL,47,20,65,-18,Hungary-Iceland,14
Italy,Norway,ITA,NOR,42.83333333,12.83333333,62,10,Italy-Norway,64
Italy,Denmark,ITA,DNK,42.83333333,12.83333333,56,10,Italy-Denmark,64
Italy,Iceland,ITA,ISL,42.83333333,12.83333333,65,-18,Italy-Iceland,64
Greece,Norway,GRC,NOR,39,22,62,10,Greece-Norway,62
Greece,Denmark,GRC,DNK,39,22,56,10,Greece-Denmark,62
Greece,Iceland,GRC,ISL,39,22,65,-18,Greece-Iceland,62
Norway,Denmark,NOR,DNK,62,10,56,10,Norway-Denmark,64
Norway,Iceland,NOR,ISL,62,10,65,-18,Norway-Iceland,64
Norway,Turkey,NOR,TUR,62,10,39,35,Norway-Turkey,62
Denmark,Iceland,DNK,ISL,56,10,65,-18,Denmark-Iceland,70
Denmark,Turkey,DNK,TUR,56,10,39,35,Denmark-Turkey,62
Iceland,Turkey,ISL,TUR,65,-18,39,35,Iceland-Turkey,62
United Kingdom,Libya,GBR,LBY,54,-2,25,17,United Kingdom-Libya,17
Turkey,Pakistan,TUR,PAK,39,35,30,70,Turkey-Pakistan,27
United Kingdom,Pakistan,GBR,PAK,54,-2,30,70,United Kingdom-Pakistan,44
United Kingdom,Philippines,GBR,PHL,54,-2,13,122,United Kingdom-Philippines,24
United Kingdom,Australia,GBR,AUS,54,-2,-27,133,United Kingdom-Australia,24
United Kingdom,New Zealand,GBR,NZL,54,-2,-41,174,United Kingdom-New Zealand,24
France,Pakistan,FRA,PAK,46,2,30,70,France-Pakistan,19
France,Thailand,FRA,THA,46,2,15,100,France-Thailand,24
France,Philippines,FRA,PHL,46,2,13,122,France-Philippines,21
France,Australia,FRA,AUS,46,2,-27,133,France-Australia,21
France,New Zealand,FRA,NZL,46,2,-41,174,France-New Zealand,21
Pakistan,Thailand,PAK,THA,30,70,15,100,Pakistan-Thailand,19
Pakistan,Philippines,PAK,PHL,30,70,13,122,Pakistan-Philippines,19
Pakistan,Australia,PAK,AUS,30,70,-27,133,Pakistan-Australia,19
Pakistan,New Zealand,PAK,NZL,30,70,-41,174,Pakistan-New Zealand,19
Thailand,Philippines,THA,PHL,15,100,13,122,Thailand-Philippines,24
Thailand,Australia,THA,AUS,15,100,-27,133,Thailand-Australia,24
Thailand,New Zealand,THA,NZL,15,100,-41,174,Thailand-New Zealand,24
Philippines,Australia,PHL,AUS,13,122,-27,133,Philippines-Australia,24
Philippines,New Zealand,PHL,NZL,13,122,-41,174,Philippines-New Zealand,24
Iraq,Pakistan,IRQ,PAK,33,44,30,70,Iraq-Pakistan,5
Poland,Albania,POL,ALB,52,20,41,20,Poland-Albania,14
Hungary,Albania,HUN,ALB,47,20,41,20,Hungary-Albania,2
Albania,Romania,ALB,ROU,41,20,46,25,Albania-Romania,14
France,Libya,FRA,LBY,46,2,25,17,France-Libya,57
France,Morocco,FRA,MAR,46,2,32,-5,France-Morocco,11
United Kingdom,Israel,GBR,ISR,54,-2,31.5,34.75,United Kingdom-Israel,1
France,Israel,FRA,ISR,46,2,31.5,34.75,France-Israel,1
United Kingdom,Malaysia,GBR,MYS,54,-2,2.5,112.5,United Kingdom-Malaysia,15
China,Myanmar,CHN,MMR,35,105,22,98,China-Myanmar,11
France,Central African Republic,FRA,CAF,46,2,7,21,France-Central African Republic,17
France,Chad,FRA,TCD,46,2,15,19,France-Chad,19
France,Congo,FRA,COG,46,2,-1,15,France-Congo,19
Central African Republic,Chad,CAF,TCD,7,21,15,19,Central African Republic-Chad,35
Central African Republic,Congo,CAF,COG,7,21,-1,15,Central African Republic-Congo,57
Chad,Congo,TCD,COG,15,19,-1,15,Chad-Congo,37
Greece,Cyprus,GRC,CYP,39,22,35,33,Greece-Cyprus,15
Cyprus,Turkey,CYP,TUR,35,33,39,35,Cyprus-Turkey,15
France,Gabon,FRA,GAB,46,2,-1,11.75,France-Gabon,53
Afghanistan,China,AFG,CHN,33,65,35,105,Afghanistan-China,31
China,Cambodia,CHN,KHM,35,105,13,105,China-Cambodia,14
Mali,Guinea,MLI,GIN,17,-4,11,-10,Mali-Guinea,39
Mali,Ghana,MLI,GHA,17,-4,8,-2,Mali-Ghana,39
Guinea,Ghana,GIN,GHA,11,-10,8,-2,Guinea-Ghana,39
Senegal,Benin,SEN,BEN,14,-14,9.5,2.25,Senegal-Benin,40
Senegal,Mauritania,SEN,MRT,14,-14,20,-12,Senegal-Mauritania,29
Senegal,Niger,SEN,NER,14,-14,16,8,Senegal-Niger,41
Senegal,Burkina Faso,SEN,BFA,14,-14,13,-2,Senegal-Burkina Faso,41
Senegal,Togo,SEN,TGO,14,-14,8,1.16666666,Senegal-Togo,39
Senegal,Cameroon,SEN,CMR,14,-14,28,3,Senegal-Cameroon,4
Senegal,Gabon,SEN,GAB,14,-14,-1,11.75,Senegal-Gabon,4
Senegal,Central African Republic,SEN,CAF,14,-14,7,21,Senegal-Central African Republic,4
Senegal,Chad,SEN,TCD,14,-14,15,19,Senegal-Chad,4
Senegal,Congo,SEN,COG,14,-14,-1,15,Senegal-Congo,4
Senegal,Rwanda,SEN,RWA,14,-14,-2,30,Senegal-Rwanda,2
Senegal,Madagascar,SEN,MDG,14,-14,-20,47,Senegal-Madagascar,4
Benin,Mauritania,BEN,MRT,9.5,2.25,20,-12,Benin-Mauritania,28
Benin,Niger,BEN,NER,9.5,2.25,16,8,Benin-Niger,40
Benin,Burkina Faso,BEN,BFA,9.5,2.25,13,-2,Benin-Burkina Faso,40
Benin,Togo,BEN,TGO,9.5,2.25,8,1.16666666,Benin-Togo,38
Benin,Cameroon,BEN,CMR,9.5,2.25,28,3,Benin-Cameroon,4
Benin,Gabon,BEN,GAB,9.5,2.25,-1,11.75,Benin-Gabon,4
Benin,Central African Republic,BEN,CAF,9.5,2.25,7,21,Benin-Central African Republic,4
Benin,Chad,BEN,TCD,9.5,2.25,15,19,Benin-Chad,4
Benin,Congo,BEN,COG,9.5,2.25,-1,15,Benin-Congo,4
Benin,Rwanda,BEN,RWA,9.5,2.25,-2,30,Benin-Rwanda,2
Benin,Madagascar,BEN,MDG,9.5,2.25,-20,47,Benin-Madagascar,4
Mauritania,Niger,MRT,NER,20,-12,16,8,Mauritania-Niger,29
Mauritania,Burkina Faso,MRT,BFA,20,-12,13,-2,Mauritania-Burkina Faso,29
Mauritania,Togo,MRT,TGO,20,-12,8,1.16666666,Mauritania-Togo,27
Mauritania,Cameroon,MRT,CMR,20,-12,28,3,Mauritania-Cameroon,4
Mauritania,Gabon,MRT,GAB,20,-12,-1,11.75,Mauritania-Gabon,4
Mauritania,Central African Republic,MRT,CAF,20,-12,7,21,Mauritania-Central African Republic,4
Mauritania,Chad,MRT,TCD,20,-12,15,19,Mauritania-Chad,4
Mauritania,Congo,MRT,COG,20,-12,-1,15,Mauritania-Congo,4
Mauritania,Rwanda,MRT,RWA,20,-12,-2,30,Mauritania-Rwanda,2
Mauritania,Madagascar,MRT,MDG,20,-12,-20,47,Mauritania-Madagascar,4
Niger,Burkina Faso,NER,BFA,16,8,13,-2,Niger-Burkina Faso,41
Niger,Togo,NER,TGO,16,8,8,1.16666666,Niger-Togo,39
Niger,Cameroon,NER,CMR,16,8,28,3,Niger-Cameroon,4
Niger,Gabon,NER,GAB,16,8,-1,11.75,Niger-Gabon,4
Niger,Central African Republic,NER,CAF,16,8,7,21,Niger-Central African Republic,4
Niger,Chad,NER,TCD,16,8,15,19,Niger-Chad,4
Niger,Congo,NER,COG,16,8,-1,15,Niger-Congo,4
Niger,Rwanda,NER,RWA,16,8,-2,30,Niger-Rwanda,2
Niger,Madagascar,NER,MDG,16,8,-20,47,Niger-Madagascar,4
Burkina Faso,Togo,BFA,TGO,13,-2,8,1.16666666,Burkina Faso-Togo,39
Burkina Faso,Cameroon,BFA,CMR,13,-2,28,3,Burkina Faso-Cameroon,4
Burkina Faso,Gabon,BFA,GAB,13,-2,-1,11.75,Burkina Faso-Gabon,4
Burkina Faso,Central African Republic,BFA,CAF,13,-2,7,21,Burkina Faso-Central African Republic,4
Burkina Faso,Chad,BFA,TCD,13,-2,15,19,Burkina Faso-Chad,4
Burkina Faso,Congo,BFA,COG,13,-2,-1,15,Burkina Faso-Congo,4
Burkina Faso,Rwanda,BFA,RWA,13,-2,-2,30,Burkina Faso-Rwanda,2
Burkina Faso,Madagascar,BFA,MDG,13,-2,-20,47,Burkina Faso-Madagascar,4
Togo,Cameroon,TGO,CMR,8,1.16666666,28,3,Togo-Cameroon,2
Togo,Gabon,TGO,GAB,8,1.16666666,-1,11.75,Togo-Gabon,2
Togo,Central African Republic,TGO,CAF,8,1.16666666,7,21,Togo-Central African Republic,2
Togo,Chad,TGO,TCD,8,1.16666666,15,19,Togo-Chad,2
Togo,Congo,TGO,COG,8,1.16666666,-1,15,Togo-Congo,2
Togo,Rwanda,TGO,RWA,8,1.16666666,-2,30,Togo-Rwanda,2
Togo,Madagascar,TGO,MDG,8,1.16666666,-20,47,Togo-Madagascar,2
Cameroon,Gabon,CMR,GAB,28,3,-1,11.75,Cameroon-Gabon,17
Cameroon,Central African Republic,CMR,CAF,28,3,7,21,Cameroon-Central African Republic,17
Cameroon,Chad,CMR,TCD,28,3,15,19,Cameroon-Chad,17
Cameroon,Congo,CMR,COG,28,3,-1,15,Cameroon-Congo,17
Cameroon,Rwanda,CMR,RWA,28,3,-2,30,Cameroon-Rwanda,15
Cameroon,Madagascar,CMR,MDG,28,3,-20,47,Cameroon-Madagascar,4
Gabon,Central African Republic,GAB,CAF,-1,11.75,7,21,Gabon-Central African Republic,17
Gabon,Chad,GAB,TCD,-1,11.75,15,19,Gabon-Chad,17
Gabon,Congo,GAB,COG,-1,11.75,-1,15,Gabon-Congo,17
Gabon,Rwanda,GAB,RWA,-1,11.75,-2,30,Gabon-Rwanda,15
Gabon,Madagascar,GAB,MDG,-1,11.75,-20,47,Gabon-Madagascar,4
Central African Republic,Rwanda,CAF,RWA,7,21,-2,30,Central African Republic-Rwanda,22
Central African Republic,Madagascar,CAF,MDG,7,21,-20,47,Central African Republic-Madagascar,4
Chad,Rwanda,TCD,RWA,15,19,-2,30,Chad-Rwanda,15
Chad,Madagascar,TCD,MDG,15,19,-20,47,Chad-Madagascar,4
Congo,Rwanda,COG,RWA,-1,15,-2,30,Congo-Rwanda,22
Congo,Madagascar,COG,MDG,-1,15,-20,47,Congo-Madagascar,4
Rwanda,Madagascar,RWA,MDG,-2,30,-20,47,Rwanda-Madagascar,2
Canada,China,CAN,CHN,60,-95,35,105,Canada-China,3
Canada,India,CAN,IND,60,-95,20,77,Canada-India,3
Canada,Myanmar,CAN,MMR,60,-95,22,98,Canada-Myanmar,3
Canada,Thailand,CAN,THA,60,-95,15,100,Canada-Thailand,3
Canada,Cambodia,CAN,KHM,60,-95,13,105,Canada-Cambodia,3
United Kingdom,China,GBR,CHN,54,-2,35,105,United Kingdom-China,3
United Kingdom,India,GBR,IND,54,-2,20,77,United Kingdom-India,3
United Kingdom,Myanmar,GBR,MMR,54,-2,22,98,United Kingdom-Myanmar,3
United Kingdom,Cambodia,GBR,KHM,54,-2,13,105,United Kingdom-Cambodia,3
France,China,FRA,CHN,46,2,35,105,France-China,3
France,India,FRA,IND,46,2,20,77,France-India,3
France,Myanmar,FRA,MMR,46,2,22,98,France-Myanmar,3
France,Cambodia,FRA,KHM,46,2,13,105,France-Cambodia,3
Poland,China,POL,CHN,52,20,35,105,Poland-China,3
Poland,India,POL,IND,52,20,20,77,Poland-India,3
Poland,Myanmar,POL,MMR,52,20,22,98,Poland-Myanmar,3
Poland,Thailand,POL,THA,52,20,15,100,Poland-Thailand,3
Poland,Cambodia,POL,KHM,52,20,13,105,Poland-Cambodia,3
China,India,CHN,IND,35,105,20,77,China-India,3
China,Thailand,CHN,THA,35,105,15,100,China-Thailand,3
India,Myanmar,IND,MMR,20,77,22,98,India-Myanmar,3
India,Thailand,IND,THA,20,77,15,100,India-Thailand,3
India,Cambodia,IND,KHM,20,77,13,105,India-Cambodia,3
Myanmar,Thailand,MMR,THA,22,98,15,100,Myanmar-Thailand,3
Myanmar,Cambodia,MMR,KHM,22,98,13,105,Myanmar-Cambodia,3
Thailand,Cambodia,THA,KHM,15,100,13,105,Thailand-Cambodia,3
Kenya,Ethiopia,KEN,ETH,1,38,8,38,Kenya-Ethiopia,50
Burundi,Rwanda,BDI,RWA,-3.5,30,-2,30,Burundi-Rwanda,49
India,Bangladesh,IND,BGD,20,77,24,90,India-Bangladesh,26
Uganda,Sudan,UGA,SDN,1,32,15,30,Uganda-Sudan,15
India,Pakistan,IND,PAK,20,77,30,70,India-Pakistan,41
Niger,Libya,NER,LBY,16,8,25,17,Niger-Libya,8
Guinea-Bissau,Gambia,GNB,GMB,12,-15,13.46666666,-16.56666666,Guinea-Bissau-Gambia,36
Guinea-Bissau,Mali,GNB,MLI,12,-15,17,-4,Guinea-Bissau-Mali,36
Guinea-Bissau,Senegal,GNB,SEN,12,-15,14,-14,Guinea-Bissau-Senegal,36
Guinea-Bissau,Benin,GNB,BEN,12,-15,9.5,2.25,Guinea-Bissau-Benin,36
Guinea-Bissau,Mauritania,GNB,MRT,12,-15,20,-12,Guinea-Bissau-Mauritania,24
Guinea-Bissau,Niger,GNB,NER,12,-15,16,8,Guinea-Bissau-Niger,36
Guinea-Bissau,Guinea,GNB,GIN,12,-15,11,-10,Guinea-Bissau-Guinea,56
Guinea-Bissau,Burkina Faso,GNB,BFA,12,-15,13,-2,Guinea-Bissau-Burkina Faso,36
Guinea-Bissau,Liberia,GNB,LBR,12,-15,6.5,-9.5,Guinea-Bissau-Liberia,36
Guinea-Bissau,Sierra Leone,GNB,SLE,12,-15,8.5,-11.5,Guinea-Bissau-Sierra Leone,36
Guinea-Bissau,Ghana,GNB,GHA,12,-15,8,-2,Guinea-Bissau-Ghana,36
Guinea-Bissau,Togo,GNB,TGO,12,-15,8,1.16666666,Guinea-Bissau-Togo,36
Guinea-Bissau,Nigeria,GNB,NGA,12,-15,10,8,Guinea-Bissau-Nigeria,36
Gambia,Mali,GMB,MLI,13.46666666,-16.56666666,17,-4,Gambia-Mali,36
Gambia,Senegal,GMB,SEN,13.46666666,-16.56666666,14,-14,Gambia-Senegal,45
Gambia,Benin,GMB,BEN,13.46666666,-16.56666666,9.5,2.25,Gambia-Benin,36
Gambia,Mauritania,GMB,MRT,13.46666666,-16.56666666,20,-12,Gambia-Mauritania,24
Gambia,Niger,GMB,NER,13.46666666,-16.56666666,16,8,Gambia-Niger,36
Gambia,Guinea,GMB,GIN,13.46666666,-16.56666666,11,-10,Gambia-Guinea,36
Gambia,Burkina Faso,GMB,BFA,13.46666666,-16.56666666,13,-2,Gambia-Burkina Faso,36
Gambia,Liberia,GMB,LBR,13.46666666,-16.56666666,6.5,-9.5,Gambia-Liberia,36
Gambia,Sierra Leone,GMB,SLE,13.46666666,-16.56666666,8.5,-11.5,Gambia-Sierra Leone,36
Gambia,Ghana,GMB,GHA,13.46666666,-16.56666666,8,-2,Gambia-Ghana,36
Gambia,Togo,GMB,TGO,13.46666666,-16.56666666,8,1.16666666,Gambia-Togo,36
Gambia,Nigeria,GMB,NGA,13.46666666,-16.56666666,10,8,Gambia-Nigeria,36
Mali,Senegal,MLI,SEN,17,-4,14,-14,Mali-Senegal,37
Mali,Benin,MLI,BEN,17,-4,9.5,2.25,Mali-Benin,36
Mali,Mauritania,MLI,MRT,17,-4,20,-12,Mali-Mauritania,25
Mali,Niger,MLI,NER,17,-4,16,8,Mali-Niger,37
Mali,Burkina Faso,MLI,BFA,17,-4,13,-2,Mali-Burkina Faso,37
Mali,Liberia,MLI,LBR,17,-4,6.5,-9.5,Mali-Liberia,36
Mali,Sierra Leone,MLI,SLE,17,-4,8.5,-11.5,Mali-Sierra Leone,36
Mali,Togo,MLI,TGO,17,-4,8,1.16666666,Mali-Togo,37
Mali,Nigeria,MLI,NGA,17,-4,10,8,Mali-Nigeria,36
Senegal,Guinea,SEN,GIN,14,-14,11,-10,Senegal-Guinea,36
Senegal,Liberia,SEN,LBR,14,-14,6.5,-9.5,Senegal-Liberia,36
Senegal,Sierra Leone,SEN,SLE,14,-14,8.5,-11.5,Senegal-Sierra Leone,36
Senegal,Ghana,SEN,GHA,14,-14,8,-2,Senegal-Ghana,36
Senegal,Nigeria,SEN,NGA,14,-14,10,8,Senegal-Nigeria,36
Benin,Guinea,BEN,GIN,9.5,2.25,11,-10,Benin-Guinea,36
Benin,Liberia,BEN,LBR,9.5,2.25,6.5,-9.5,Benin-Liberia,36
Benin,Sierra Leone,BEN,SLE,9.5,2.25,8.5,-11.5,Benin-Sierra Leone,36
Benin,Ghana,BEN,GHA,9.5,2.25,8,-2,Benin-Ghana,36
Benin,Nigeria,BEN,NGA,9.5,2.25,10,8,Benin-Nigeria,36
Mauritania,Guinea,MRT,GIN,20,-12,11,-10,Mauritania-Guinea,24
Mauritania,Liberia,MRT,LBR,20,-12,6.5,-9.5,Mauritania-Liberia,24
Mauritania,Sierra Leone,MRT,SLE,20,-12,8.5,-11.5,Mauritania-Sierra Leone,24
Mauritania,Ghana,MRT,GHA,20,-12,8,-2,Mauritania-Ghana,24
Mauritania,Nigeria,MRT,NGA,20,-12,10,8,Mauritania-Nigeria,24
Niger,Guinea,NER,GIN,16,8,11,-10,Niger-Guinea,36
Niger,Liberia,NER,LBR,16,8,6.5,-9.5,Niger-Liberia,36
Niger,Sierra Leone,NER,SLE,16,8,8.5,-11.5,Niger-Sierra Leone,36
Niger,Ghana,NER,GHA,16,8,8,-2,Niger-Ghana,36
Niger,Nigeria,NER,NGA,16,8,10,8,Niger-Nigeria,36
Guinea,Burkina Faso,GIN,BFA,11,-10,13,-2,Guinea-Burkina Faso,36
Guinea,Liberia,GIN,LBR,11,-10,6.5,-9.5,Guinea-Liberia,64
Guinea,Sierra Leone,GIN,SLE,11,-10,8.5,-11.5,Guinea-Sierra Leone,42
Guinea,Togo,GIN,TGO,11,-10,8,1.16666666,Guinea-Togo,36
Guinea,Nigeria,GIN,NGA,11,-10,10,8,Guinea-Nigeria,36
Burkina Faso,Liberia,BFA,LBR,13,-2,6.5,-9.5,Burkina Faso-Liberia,36
Burkina Faso,Sierra Leone,BFA,SLE,13,-2,8.5,-11.5,Burkina Faso-Sierra Leone,36
Burkina Faso,Ghana,BFA,GHA,13,-2,8,-2,Burkina Faso-Ghana,36
Burkina Faso,Nigeria,BFA,NGA,13,-2,10,8,Burkina Faso-Nigeria,36
Liberia,Sierra Leone,LBR,SLE,6.5,-9.5,8.5,-11.5,Liberia-Sierra Leone,42
Liberia,Ghana,LBR,GHA,6.5,-9.5,8,-2,Liberia-Ghana,36
Liberia,Togo,LBR,TGO,6.5,-9.5,8,1.16666666,Liberia-Togo,36
Liberia,Nigeria,LBR,NGA,6.5,-9.5,10,8,Liberia-Nigeria,36
Sierra Leone,Ghana,SLE,GHA,8.5,-11.5,8,-2,Sierra Leone-Ghana,36
Sierra Leone,Togo,SLE,TGO,8.5,-11.5,8,1.16666666,Sierra Leone-Togo,36
Sierra Leone,Nigeria,SLE,NGA,8.5,-11.5,10,8,Sierra Leone-Nigeria,36
Ghana,Togo,GHA,TGO,8,-2,8,1.16666666,Ghana-Togo,36
Ghana,Nigeria,GHA,NGA,8,-2,10,8,Ghana-Nigeria,36
Togo,Nigeria,TGO,NGA,8,1.16666666,10,8,Togo-Nigeria,36
Angola,Zambia,AGO,ZMB,-12.5,18.5,-15,30,Angola-Zambia,11
Chad,Libya,TCD,LBY,15,19,25,17,Chad-Libya,3
Italy,Malta,ITA,MLT,42.83333333,12.83333333,35.83333333,14.58333333,Italy-Malta,5
Ethiopia,Libya,ETH,LBY,8,38,25,17,Ethiopia-Libya,6
Hungary,Angola,HUN,AGO,47,20,-12.5,18.5,Hungary-Angola,9
Bulgaria,Libya,BGR,LBY,43,25,25,17,Bulgaria-Libya,7
Lebanon,Israel,LBN,ISR,33.83333333,35.83333333,31.5,34.75,Lebanon-Israel,2
Mozambique,South Africa,MOZ,ZAF,-18.25,35,-29,24,Mozambique-South Africa,11
Malta,Libya,MLT,LBY,35.83333333,14.58333333,25,17,Malta-Libya,6
Afghanistan,Pakistan,AFG,PAK,33,65,30,70,Afghanistan-Pakistan,13
Hungary,Ukraine,HUN,UKR,47,20,49,32,Hungary-Ukraine,22
Ukraine,Belarus,UKR,BLR,49,32,53,28,Ukraine-Belarus,18
Ukraine,Armenia,UKR,ARM,49,32,40,45,Ukraine-Armenia,35
Ukraine,Azerbaijan,UKR,AZE,49,32,40.5,47.5,Ukraine-Azerbaijan,18
Ukraine,Turkmenistan,UKR,TKM,49,32,40,60,Ukraine-Turkmenistan,18
Ukraine,Tajikistan,UKR,TJK,49,32,39,71,Ukraine-Tajikistan,18
Ukraine,Kyrgyzstan,UKR,KGZ,49,32,41,75,Ukraine-Kyrgyzstan,18
Ukraine,Uzbekistan,UKR,UZB,49,32,41,64,Ukraine-Uzbekistan,18
Ukraine,Kazakhstan,UKR,KAZ,49,32,48,68,Ukraine-Kazakhstan,18
Belarus,Armenia,BLR,ARM,53,28,40,45,Belarus-Armenia,39
Belarus,Azerbaijan,BLR,AZE,53,28,40.5,47.5,Belarus-Azerbaijan,41
Belarus,Turkmenistan,BLR,TKM,53,28,40,60,Belarus-Turkmenistan,18
Belarus,Tajikistan,BLR,TJK,53,28,39,71,Belarus-Tajikistan,39
Belarus,Kyrgyzstan,BLR,KGZ,53,28,41,75,Belarus-Kyrgyzstan,39
Belarus,Uzbekistan,BLR,UZB,53,28,41,64,Belarus-Uzbekistan,39
Belarus,Kazakhstan,BLR,KAZ,53,28,48,68,Belarus-Kazakhstan,39
Armenia,Azerbaijan,ARM,AZE,40,45,40.5,47.5,Armenia-Azerbaijan,39
Armenia,Turkmenistan,ARM,TKM,40,45,40,60,Armenia-Turkmenistan,18
Armenia,Tajikistan,ARM,TJK,40,45,39,71,Armenia-Tajikistan,39
Armenia,Kyrgyzstan,ARM,KGZ,40,45,41,75,Armenia-Kyrgyzstan,39
Armenia,Uzbekistan,ARM,UZB,40,45,41,64,Armenia-Uzbekistan,39
Armenia,Kazakhstan,ARM,KAZ,40,45,48,68,Armenia-Kazakhstan,39
Azerbaijan,Turkmenistan,AZE,TKM,40.5,47.5,40,60,Azerbaijan-Turkmenistan,18
Azerbaijan,Tajikistan,AZE,TJK,40.5,47.5,39,71,Azerbaijan-Tajikistan,39
Azerbaijan,Kyrgyzstan,AZE,KGZ,40.5,47.5,41,75,Azerbaijan-Kyrgyzstan,39
Azerbaijan,Uzbekistan,AZE,UZB,40.5,47.5,41,64,Azerbaijan-Uzbekistan,39
Azerbaijan,Kazakhstan,AZE,KAZ,40.5,47.5,48,68,Azerbaijan-Kazakhstan,39
Turkmenistan,Tajikistan,TKM,TJK,40,60,39,71,Turkmenistan-Tajikistan,29
Turkmenistan,Kyrgyzstan,TKM,KGZ,40,60,41,75,Turkmenistan-Kyrgyzstan,18
Turkmenistan,Uzbekistan,TKM,UZB,40,60,41,64,Turkmenistan-Uzbekistan,29
Turkmenistan,Kazakhstan,TKM,KAZ,40,60,48,68,Turkmenistan-Kazakhstan,18
Tajikistan,Kyrgyzstan,TJK,KGZ,39,71,41,75,Tajikistan-Kyrgyzstan,56
Tajikistan,Uzbekistan,TJK,UZB,39,71,41,64,Tajikistan-Uzbekistan,62
Tajikistan,Kazakhstan,TJK,KAZ,39,71,48,68,Tajikistan-Kazakhstan,56
Kyrgyzstan,Uzbekistan,KGZ,UZB,41,75,41,64,Kyrgyzstan-Uzbekistan,72
Kyrgyzstan,Kazakhstan,KGZ,KAZ,41,75,48,68,Kyrgyzstan-Kazakhstan,56
Uzbekistan,Kazakhstan,UZB,KAZ,41,64,48,68,Uzbekistan-Kazakhstan,51
Poland,Ukraine,POL,UKR,52,20,49,32,Poland-Ukraine,21
Albania,Turkey,ALB,TUR,41,20,39,35,Albania-Turkey,21
Poland,Belarus,POL,BLR,52,20,53,28,Poland-Belarus,21
Poland,Latvia,POL,LVA,52,20,57,25,Poland-Latvia,21
Poland,Estonia,POL,EST,52,20,59,26,Poland-Estonia,21
Croatia,Bosnia and Herzegovina,HRV,BIH,45.16666666,15.5,44,18,Croatia-Bosnia and Herzegovina,26
Slovakia,Ukraine,SVK,UKR,48.66666666,19.5,49,32,Slovakia-Ukraine,20
Slovakia,Romania,SVK,ROU,48.66666666,19.5,46,25,Slovakia-Romania,20
Bulgaria,Belarus,BGR,BLR,43,25,53,28,Bulgaria-Belarus,20
Lithuania,Ukraine,LTU,UKR,56,24,49,32,Lithuania-Ukraine,19
Azerbaijan,Turkey,AZE,TUR,40.5,47.5,39,35,Azerbaijan-Turkey,19
Poland,Lithuania,POL,LTU,52,20,56,24,Poland-Lithuania,19
Croatia,Turkey,HRV,TUR,45.16666666,15.5,39,35,Croatia-Turkey,19
Jordan,Israel,JOR,ISR,31,36,31.5,34.75,Jordan-Israel,19
Lithuania,Belarus,LTU,BLR,56,24,53,28,Lithuania-Belarus,18
Latvia,Ukraine,LVA,UKR,57,25,49,32,Latvia-Ukraine,18
Latvia,Uzbekistan,LVA,UZB,57,25,41,64,Latvia-Uzbekistan,18
Indonesia,Australia,IDN,AUS,-5,120,-27,133,Indonesia-Australia,5
Tajikistan,China,TJK,CHN,39,71,35,105,Tajikistan-China,28
Kyrgyzstan,China,KGZ,CHN,41,75,35,105,Kyrgyzstan-China,17
Uzbekistan,China,UZB,CHN,41,64,35,105,Uzbekistan-China,23
Kazakhstan,China,KAZ,CHN,48,68,35,105,Kazakhstan-China,17
Slovakia,Uzbekistan,SVK,UZB,48.66666666,19.5,41,64,Slovakia-Uzbekistan,16
Congo,Angola,COG,AGO,-1,15,-12.5,18.5,Congo-Angola,23
Congo,Zimbabwe,COG,ZWE,-1,15,-20,30,Congo-Zimbabwe,3
Congo,Namibia,COG,NAM,-1,15,-22,17,Congo-Namibia,3
Angola,Zimbabwe,AGO,ZWE,-12.5,18.5,-20,30,Angola-Zimbabwe,3
Angola,Namibia,AGO,NAM,-12.5,18.5,-22,17,Angola-Namibia,3
Zimbabwe,Namibia,ZWE,NAM,-20,30,-22,17,Zimbabwe-Namibia,3
Cameroon,Burundi,CMR,BDI,28,3,-3.5,30,Cameroon-Burundi,13
Cameroon,Angola,CMR,AGO,28,3,-12.5,18.5,Cameroon-Angola,13
Gabon,Burundi,GAB,BDI,-1,11.75,-3.5,30,Gabon-Burundi,13
Gabon,Angola,GAB,AGO,-1,11.75,-12.5,18.5,Gabon-Angola,13
Central African Republic,Burundi,CAF,BDI,7,21,-3.5,30,Central African Republic-Burundi,20
Central African Republic,Angola,CAF,AGO,7,21,-12.5,18.5,Central African Republic-Angola,20
Chad,Burundi,TCD,BDI,15,19,-3.5,30,Chad-Burundi,13
Chad,Angola,TCD,AGO,15,19,-12.5,18.5,Chad-Angola,13
Congo,Burundi,COG,BDI,-1,15,-3.5,30,Congo-Burundi,20
Burundi,Angola,BDI,AGO,-3.5,30,-12.5,18.5,Burundi-Angola,20
Rwanda,Angola,RWA,AGO,-2,30,-12.5,18.5,Rwanda-Angola,20
Ethiopia,Eritrea,ETH,ERI,8,38,15,39,Ethiopia-Eritrea,13
Afghanistan,Turkmenistan,AFG,TKM,33,65,40,60,Afghanistan-Turkmenistan,11
Afghanistan,Tajikistan,AFG,TJK,33,65,39,71,Afghanistan-Tajikistan,11
Afghanistan,Uzbekistan,AFG,UZB,33,65,41,64,Afghanistan-Uzbekistan,11
Turkmenistan,China,TKM,CHN,40,60,35,105,Turkmenistan-China,11
Turkmenistan,Pakistan,TKM,PAK,40,60,30,70,Turkmenistan-Pakistan,11
Tajikistan,Pakistan,TJK,PAK,39,71,30,70,Tajikistan-Pakistan,11
Uzbekistan,Pakistan,UZB,PAK,41,64,30,70,Uzbekistan-Pakistan,11
China,Pakistan,CHN,PAK,35,105,30,70,China-Pakistan,11
Central African Republic,Uganda,CAF,UGA,7,21,1,32,Central African Republic-Uganda,7
Central African Republic,Kenya,CAF,KEN,7,21,1,38,Central African Republic-Kenya,7
Central African Republic,Zambia,CAF,ZMB,7,21,-15,30,Central African Republic-Zambia,7
Central African Republic,Sudan,CAF,SDN,7,21,15,30,Central African Republic-Sudan,7
Congo,Uganda,COG,UGA,-1,15,1,32,Congo-Uganda,7
Congo,Kenya,COG,KEN,-1,15,1,38,Congo-Kenya,7
Congo,Zambia,COG,ZMB,-1,15,-15,30,Congo-Zambia,7
Congo,Sudan,COG,SDN,-1,15,15,30,Congo-Sudan,7
Uganda,Kenya,UGA,KEN,1,32,1,38,Uganda-Kenya,7
Uganda,Burundi,UGA,BDI,1,32,-3.5,30,Uganda-Burundi,7
Uganda,Rwanda,UGA,RWA,1,32,-2,30,Uganda-Rwanda,7
Uganda,Angola,UGA,AGO,1,32,-12.5,18.5,Uganda-Angola,7
Uganda,Zambia,UGA,ZMB,1,32,-15,30,Uganda-Zambia,7
Kenya,Burundi,KEN,BDI,1,38,-3.5,30,Kenya-Burundi,7
Kenya,Rwanda,KEN,RWA,1,38,-2,30,Kenya-Rwanda,7
Kenya,Angola,KEN,AGO,1,38,-12.5,18.5,Kenya-Angola,7
Kenya,Zambia,KEN,ZMB,1,38,-15,30,Kenya-Zambia,7
Kenya,Sudan,KEN,SDN,1,38,15,30,Kenya-Sudan,7
Burundi,Zambia,BDI,ZMB,-3.5,30,-15,30,Burundi-Zambia,7
Burundi,Sudan,BDI,SDN,-3.5,30,15,30,Burundi-Sudan,7
Rwanda,Zambia,RWA,ZMB,-2,30,-15,30,Rwanda-Zambia,7
Rwanda,Sudan,RWA,SDN,-2,30,15,30,Rwanda-Sudan,7
Angola,Sudan,AGO,SDN,-12.5,18.5,15,30,Angola-Sudan,7
Zambia,Sudan,ZMB,SDN,-15,30,15,30,Zambia-Sudan,7
Chad,Sudan,TCD,SDN,15,19,15,30,Chad-Sudan,5
Egypt,Israel,EGY,ISR,27,30,31.5,34.75,Egypt-Israel,34